example_id,policy_version,product_category,volume_band,reference_date,documents,expected_required,expected_unmet,expected_outcome,note
PE-01,v1,CARD_PRESENT,V1,2026-06-10,REG_EXTRACT@2026-05-20;OWNERSHIP_DECL@2026-05-20;BANK_CONFIRM@2026-05-21,REG_EXTRACT;OWNERSHIP_DECL;BANK_CONFIRM,,COMPLETE,v1 happy path: baseline evidence only
PE-02,v1,CARD_PRESENT,V1,2026-06-10,REG_EXTRACT@2026-05-20;OWNERSHIP_DECL@2026-05-20,REG_EXTRACT;OWNERSHIP_DECL;BANK_CONFIRM,BANK_CONFIRM:MISSING,INCOMPLETE,Missing baseline evidence
PE-03,v1,ECOMMERCE,V4,2026-06-10,REG_EXTRACT@2026-05-20;OWNERSHIP_DECL@2026-05-20;BANK_CONFIRM@2026-05-21,REG_EXTRACT;OWNERSHIP_DECL;BANK_CONFIRM;PROCESSING_HISTORY,PROCESSING_HISTORY:MISSING,INCOMPLETE,Top band needs processing history (EV-04)
PE-04,v1,ECOMMERCE,V4,2026-06-10,REG_EXTRACT@2026-05-20;OWNERSHIP_DECL@2026-05-20;BANK_CONFIRM@2026-05-21;PROCESSING_HISTORY@2026-05-31,REG_EXTRACT;OWNERSHIP_DECL;BANK_CONFIRM;PROCESSING_HISTORY,,COMPLETE,Top band with processing history
PE-05,v1,ECOMMERCE,V3,2026-06-10,REG_EXTRACT@2026-05-20;OWNERSHIP_DECL@2026-05-20;BANK_CONFIRM@2026-05-21,REG_EXTRACT;OWNERSHIP_DECL;BANK_CONFIRM,,COMPLETE,Band boundary: V3 is below the EV-04 band
PE-06,v1,SUBSCRIPTION,V3,2026-06-22,REG_EXTRACT@2026-05-20;OWNERSHIP_DECL@2026-05-20;BANK_CONFIRM@2026-05-21,REG_EXTRACT;OWNERSHIP_DECL;BANK_CONFIRM,,COMPLETE,Before/after pair (before): v1 has no service-scope rule
PE-07,v2,SUBSCRIPTION,V3,2026-07-15,REG_EXTRACT@2026-05-20;OWNERSHIP_DECL@2026-05-20;BANK_CONFIRM@2026-05-21,REG_EXTRACT;OWNERSHIP_DECL;BANK_CONFIRM;SERVICE_SCOPE,SERVICE_SCOPE:MISSING,INCOMPLETE,Before/after pair (after): same product and band under v2 needs EV-05
PE-08,v2,SUBSCRIPTION,V3,2026-07-15,REG_EXTRACT@2026-05-20;OWNERSHIP_DECL@2026-05-20;BANK_CONFIRM@2026-05-21;SERVICE_SCOPE@2026-07-01,REG_EXTRACT;OWNERSHIP_DECL;BANK_CONFIRM;SERVICE_SCOPE,,COMPLETE,Statement issued 14 days before the submission date satisfies EV-05
PE-09,v2,SUBSCRIPTION,V2,2026-07-15,REG_EXTRACT@2026-05-20;OWNERSHIP_DECL@2026-05-20;BANK_CONFIRM@2026-05-21,REG_EXTRACT;OWNERSHIP_DECL;BANK_CONFIRM,,COMPLETE,Band boundary: V2 is below the EV-05 elevated bands
PE-10,v2,FUTURE_DELIVERY,V4,2026-07-15,REG_EXTRACT@2026-05-20;OWNERSHIP_DECL@2026-05-20;BANK_CONFIRM@2026-05-21;PROCESSING_HISTORY@2026-05-31,REG_EXTRACT;OWNERSHIP_DECL;BANK_CONFIRM;PROCESSING_HISTORY;SERVICE_SCOPE,SERVICE_SCOPE:MISSING,INCOMPLETE,Designated product in V4 needs both EV-04 and EV-05
PE-11,v2,FUTURE_DELIVERY,V4,2026-07-15,REG_EXTRACT@2026-05-20;OWNERSHIP_DECL@2026-05-20;BANK_CONFIRM@2026-05-21,REG_EXTRACT;OWNERSHIP_DECL;BANK_CONFIRM;PROCESSING_HISTORY;SERVICE_SCOPE,PROCESSING_HISTORY:MISSING;SERVICE_SCOPE:MISSING,INCOMPLETE,Two unmet rules are reported in rule-id order
PE-12,v2,FUTURE_DELIVERY,V4,2026-07-15,REG_EXTRACT@2026-05-20;OWNERSHIP_DECL@2026-05-20;BANK_CONFIRM@2026-05-21;PROCESSING_HISTORY@2026-05-31;SERVICE_SCOPE@2026-06-01,REG_EXTRACT;OWNERSHIP_DECL;BANK_CONFIRM;PROCESSING_HISTORY;SERVICE_SCOPE,,COMPLETE,Statement 44 days old as of the submission date is inside the window
PE-13,v2,ECOMMERCE,V4,2026-07-15,REG_EXTRACT@2026-05-20;OWNERSHIP_DECL@2026-05-20;BANK_CONFIRM@2026-05-21;PROCESSING_HISTORY@2026-05-31,REG_EXTRACT;OWNERSHIP_DECL;BANK_CONFIRM;PROCESSING_HISTORY,,COMPLETE,Product boundary: ECOMMERCE is not designated
PE-14,v2,CARD_PRESENT,V3,2026-07-15,REG_EXTRACT@2026-05-20;OWNERSHIP_DECL@2026-05-20;BANK_CONFIRM@2026-05-21,REG_EXTRACT;OWNERSHIP_DECL;BANK_CONFIRM,,COMPLETE,Product boundary: CARD_PRESENT is not designated
PE-15,v2,SUBSCRIPTION,V3,2026-07-15,REG_EXTRACT@2026-05-20;OWNERSHIP_DECL@2026-05-20;BANK_CONFIRM@2026-05-21;SERVICE_SCOPE@2026-04-16,REG_EXTRACT;OWNERSHIP_DECL;BANK_CONFIRM;SERVICE_SCOPE,,COMPLETE,Age boundary: exactly 90 days old is accepted (inclusive)
PE-16,v2,SUBSCRIPTION,V3,2026-07-15,REG_EXTRACT@2026-05-20;OWNERSHIP_DECL@2026-05-20;BANK_CONFIRM@2026-05-21;SERVICE_SCOPE@2026-04-15,REG_EXTRACT;OWNERSHIP_DECL;BANK_CONFIRM;SERVICE_SCOPE,SERVICE_SCOPE:OUT_OF_WINDOW,INCOMPLETE,Age boundary: 91 days old is outside the window
PE-17,v2,SUBSCRIPTION,V3,2026-07-15,REG_EXTRACT@2026-05-20;OWNERSHIP_DECL@2026-05-20;BANK_CONFIRM@2026-05-21;SERVICE_SCOPE@2026-07-15,REG_EXTRACT;OWNERSHIP_DECL;BANK_CONFIRM;SERVICE_SCOPE,,COMPLETE,Age boundary: issued on the reference date (0 days) is accepted
PE-18,v2,SUBSCRIPTION,V3,2026-07-15,REG_EXTRACT@2026-05-20;OWNERSHIP_DECL@2026-05-20;BANK_CONFIRM@2026-05-21;SERVICE_SCOPE@2026-07-16,REG_EXTRACT;OWNERSHIP_DECL;BANK_CONFIRM;SERVICE_SCOPE,SERVICE_SCOPE:OUT_OF_WINDOW,INCOMPLETE,Issued after the reference date does not count
PE-19,v2,SUBSCRIPTION,V3,2026-07-15,REG_EXTRACT@2026-05-20;OWNERSHIP_DECL@2026-05-20;BANK_CONFIRM@2026-05-21;SERVICE_SCOPE@2026-04-15;SERVICE_SCOPE@2026-06-20,REG_EXTRACT;OWNERSHIP_DECL;BANK_CONFIRM;SERVICE_SCOPE,,COMPLETE,One valid statement is enough even if an older one is out of window
PE-20,v2,FUTURE_DELIVERY,V3,2026-07-15,REG_EXTRACT@2026-05-20;OWNERSHIP_DECL@2026-05-20;BANK_CONFIRM@2026-05-21;OTHER@2026-07-01,REG_EXTRACT;OWNERSHIP_DECL;BANK_CONFIRM;SERVICE_SCOPE,SERVICE_SCOPE:MISSING,INCOMPLETE,An OTHER document never substitutes for a required type
PE-21,v1,FUTURE_DELIVERY,V3,2026-06-18,REG_EXTRACT@2026-05-20;OWNERSHIP_DECL@2026-05-20;BANK_CONFIRM@2026-05-21;SERVICE_SCOPE@2025-01-01,REG_EXTRACT;OWNERSHIP_DECL;BANK_CONFIRM,,COMPLETE,v1 ignores service-scope documents entirely (extra evidence is harmless)
PE-22,v2,SUBSCRIPTION,V1,2026-07-15,,REG_EXTRACT;OWNERSHIP_DECL;BANK_CONFIRM,REG_EXTRACT:MISSING;OWNERSHIP_DECL:MISSING;BANK_CONFIRM:MISSING,INCOMPLETE,No documents: only baseline rules apply at V1
PE-23,v2,SUBSCRIPTION,V4,2026-07-15,REG_EXTRACT@2026-05-20;OWNERSHIP_DECL@2026-05-20;BANK_CONFIRM@2026-05-21;PROCESSING_HISTORY@2026-05-31;SERVICE_SCOPE@2026-04-17,REG_EXTRACT;OWNERSHIP_DECL;BANK_CONFIRM;PROCESSING_HISTORY;SERVICE_SCOPE,,COMPLETE,Age boundary: 89 days old is accepted
PE-24,v2,SUBSCRIPTION,V3,2026-06-22,REG_EXTRACT@2026-05-20;OWNERSHIP_DECL@2026-05-20;BANK_CONFIRM@2026-05-21;SERVICE_SCOPE@2026-03-24,REG_EXTRACT;OWNERSHIP_DECL;BANK_CONFIRM;SERVICE_SCOPE,,COMPLETE,Migration re-evaluation measures age from the original submission date (exactly 90 days)
